{"cameraMode":{"drawMode":0,"name":"Shaded","section":"Shading Mode"},"sceneLighting":true,"audioPlay":false,"sceneViewState":{"m_AlwaysRefresh":false,"showFog":true,"showSkybox":true,"showFlares":true,"showImageEffects":true,"showParticleSystems":true,"showVisualEffectGraphs":true,"m_FxEnabled":true},"in2DMode":false,"pivot":{"x":427.1507568359375,"y":1126.1636962890625,"z":-12.090240478515625},"rotation":{"x":0.007494654040783644,"y":-0.03749021142721176,"z":0.00028117920737713575,"w":0.9992691278457642},"size":1778.75927734375,"orthographic":true}