{"cameraMode":{"drawMode":0,"name":"Shaded","section":"Shading Mode"},"sceneLighting":true,"audioPlay":false,"sceneViewState":{"m_AlwaysRefresh":false,"showFog":true,"showSkybox":true,"showFlares":true,"showImageEffects":true,"showParticleSystems":true,"showVisualEffectGraphs":true,"m_FxEnabled":true},"in2DMode":false,"pivot":{"x":538.3696899414063,"y":1391.4271240234375,"z":10.984260559082032},"rotation":{"x":0.05693519115447998,"y":-0.03443704918026924,"z":0.0019650442991405727,"w":0.9977812767028809},"size":4.86571741104126,"orthographic":false}