{"cameraMode":{"drawMode":0,"name":"Shaded","section":"Shading Mode"},"sceneLighting":true,"audioPlay":false,"sceneViewState":{"m_AlwaysRefresh":false,"showFog":true,"showSkybox":true,"showFlares":true,"showImageEffects":true,"showParticleSystems":true,"showVisualEffectGraphs":true,"m_FxEnabled":true},"in2DMode":false,"pivot":{"x":272.7398681640625,"y":799.9921264648438,"z":-16.35491943359375},"rotation":{"x":0.007494654040783644,"y":-0.03749021142721176,"z":0.00028117920737713575,"w":0.9992691278457642},"size":1648.7161865234375,"orthographic":true}