{"cameraMode":{"drawMode":0,"name":"Shaded","section":"Shading Mode"},"sceneLighting":true,"audioPlay":false,"sceneViewState":{"m_AlwaysRefresh":false,"showFog":true,"showSkybox":true,"showFlares":true,"showImageEffects":true,"showParticleSystems":true,"showVisualEffectGraphs":true,"m_FxEnabled":true},"in2DMode":false,"pivot":{"x":179.513916015625,"y":476.9554138183594,"z":-50.76361083984375},"rotation":{"x":0.048278819769620898,"y":-0.022161349654197694,"z":0.001071170554496348,"w":0.9985861778259277},"size":408.8497009277344,"orthographic":false}