{"cameraMode":{"drawMode":0,"name":"Shaded","section":"Shading Mode"},"sceneLighting":true,"audioPlay":false,"sceneViewState":{"m_AlwaysRefresh":false,"showFog":true,"showSkybox":true,"showFlares":true,"showImageEffects":true,"showParticleSystems":true,"showVisualEffectGraphs":true,"m_FxEnabled":true},"in2DMode":false,"pivot":{"x":361.32147216796877,"y":911.6976928710938,"z":169.50253295898438},"rotation":{"x":-0.10499841719865799,"y":0.04681917279958725,"z":-0.004949260037392378,"w":-0.9933580160140991},"size":473.6837463378906,"orthographic":false}